lhoods_value,mutation_model
-510673.0,mut_1e-11
-510680.5,mut_1e-11
-510682.1,mut_1e-11
-510689.4,mut_1e-11
-510690.4,mut_1e-11
-510695.9,mut_1e-11
-510698.7,mut_1e-11
-510699.8,mut_1e-11
-510703.8,mut_1e-11
-510717.2,mut_1e-11
-510723.2,mut_1e-11
-510725.3,mut_1e-11
-510725.5,mut_1e-11
-510725.9,mut_1e-11
-510728.9,mut_1e-11
-510729.3,mut_1e-11
-510730.3,mut_1e-11
-510753.9,mut_1e-11
-510764.1,mut_1e-11
-510770.0,mut_1e-11
-510787.0,mut_1e-11
-510830.9,mut_1e-11
-511011.9,mut_1e-11
-511040.4,mut_1e-11
-511107.8,mut_1e-11
-511144.4,mut_1e-11
-511211.1,mut_1e-11
-511308.8,mut_1e-11
-511341.6,mut_1e-11
-511347.6,mut_1e-11
-511427.0,mut_1e-11
-511438.9,mut_1e-11
-511537.2,mut_1e-11
-511558.6,mut_1e-11
-511562.5,mut_1e-11
-511581.4,mut_1e-11
-511661.4,mut_1e-11
-511664.6,mut_1e-11
-511703.1,mut_1e-11
-511705.6,mut_1e-11
-511867.6,mut_1e-11
-511877.2,mut_1e-11
-511898.0,mut_1e-11
-511948.4,mut_1e-11
-512000.6,mut_1e-11
-512044.2,mut_1e-11
-512279.2,mut_1e-11
-512288.6,mut_1e-11
-512293.4,mut_1e-11
-512304.3,mut_1e-11
-510648.0,mut_2e-10
-510655.4,mut_2e-10
-510657.6,mut_2e-10
-510665.3,mut_2e-10
-510684.7,mut_2e-10
-510685.6,mut_2e-10
-510702.9,mut_2e-10
-510703.6,mut_2e-10
-510706.9,mut_2e-10
-510707.3,mut_2e-10
-510707.6,mut_2e-10
-510712.0,mut_2e-10
-510717.4,mut_2e-10
-510718.3,mut_2e-10
-510730.5,mut_2e-10
-510738.8,mut_2e-10
-510741.3,mut_2e-10
-510744.7,mut_2e-10
-510755.2,mut_2e-10
-510769.1,mut_2e-10
-510791.2,mut_2e-10
-510792.8,mut_2e-10
-510800.1,mut_2e-10
-510802.0,mut_2e-10
-510824.9,mut_2e-10
-510849.3,mut_2e-10
-510879.0,mut_2e-10
-510912.6,mut_2e-10
-510914.0,mut_2e-10
-510915.3,mut_2e-10
-510926.7,mut_2e-10
-510976.3,mut_2e-10
-510990.2,mut_2e-10
-510997.4,mut_2e-10
-511016.7,mut_2e-10
-511031.8,mut_2e-10
-511041.2,mut_2e-10
-511049.9,mut_2e-10
-511073.7,mut_2e-10
-511079.3,mut_2e-10
-511085.2,mut_2e-10
-511090.5,mut_2e-10
-511094.6,mut_2e-10
-511099.8,mut_2e-10
-511104.5,mut_2e-10
-511125.7,mut_2e-10
-511132.5,mut_2e-10
-511133.1,mut_2e-10
-511142.8,mut_2e-10
-511153.2,mut_2e-10
-510644.466,mut_4e-10
-510648.533,mut_4e-10
-510670.949,mut_4e-10
-510680.327,mut_4e-10
-510684.545,mut_4e-10
-510687.904,mut_4e-10
-510696.871,mut_4e-10
-510704.882,mut_4e-10
-510721.218,mut_4e-10
-510724.896,mut_4e-10
-510726.828,mut_4e-10
-510728.525,mut_4e-10
-510748.932,mut_4e-10
-510765.804,mut_4e-10
-510775.499,mut_4e-10
-510782.556,mut_4e-10
-510814.428,mut_4e-10
-510831.752,mut_4e-10
-510832.427,mut_4e-10
-510832.499,mut_4e-10
-510938.55,mut_4e-10
-510967.15,mut_4e-10
-510969,mut_4e-10
-510971.249,mut_4e-10
-510978.12,mut_4e-10
-510978.484,mut_4e-10
-510979.296,mut_4e-10
-510979.777,mut_4e-10
-510993.005,mut_4e-10
-511005.799,mut_4e-10
-511022.851,mut_4e-10
-511026.436,mut_4e-10
-511031.326,mut_4e-10
-511037.674,mut_4e-10
-511053.746,mut_4e-10
-511071.036,mut_4e-10
-511076.029,mut_4e-10
-511076.2,mut_4e-10
-511095.399,mut_4e-10
-511114.863,mut_4e-10
-511117.11,mut_4e-10
-511121.398,mut_4e-10
-511128.831,mut_4e-10
-511129.242,mut_4e-10
-511129.532,mut_4e-10
-511132.225,mut_4e-10
-511134.397,mut_4e-10
-511135.174,mut_4e-10
-511154.596,mut_4e-10
-511155.399,mut_4e-10
-510629.851,mut_6e-10
-510634.316,mut_6e-10
-510636.309,mut_6e-10
-510646.395,mut_6e-10
-510653.183,mut_6e-10
-510655.751,mut_6e-10
-510656.059,mut_6e-10
-510659.193,mut_6e-10
-510659.837,mut_6e-10
-510664.64,mut_6e-10
-510665.186,mut_6e-10
-510666.798,mut_6e-10
-510669.15,mut_6e-10
-510669.568,mut_6e-10
-510674.994,mut_6e-10
-510676.31,mut_6e-10
-510680.94,mut_6e-10
-510682.018,mut_6e-10
-510682.955,mut_6e-10
-510684.681,mut_6e-10
-510712.358,mut_6e-10
-510735.034,mut_6e-10
-510737.218,mut_6e-10
-510753.436,mut_6e-10
-510768.12,mut_6e-10
-510790.194,mut_6e-10
-510840.134,mut_6e-10
-510863.047,mut_6e-10
-510886.886,mut_6e-10
-510897.832,mut_6e-10
-510910.189,mut_6e-10
-510925.571,mut_6e-10
-510930.987,mut_6e-10
-510932.055,mut_6e-10
-510935.417,mut_6e-10
-510956.252,mut_6e-10
-511005.342,mut_6e-10
-511010.875,mut_6e-10
-511015.024,mut_6e-10
-511016.026,mut_6e-10
-511036.497,mut_6e-10
-511037.275,mut_6e-10
-511041.828,mut_6e-10
-511048.064,mut_6e-10
-511061.006,mut_6e-10
-511061.334,mut_6e-10
-511066.727,mut_6e-10
-511069.52,mut_6e-10
-511081.721,mut_6e-10
-511093.969,mut_6e-10
-510593.594,mut_8e-10
-510663.163,mut_8e-10
-510668.704,mut_8e-10
-510669.961,mut_8e-10
-510678.462,mut_8e-10
-510679.62,mut_8e-10
-510682.091,mut_8e-10
-510685.966,mut_8e-10
-510695.102,mut_8e-10
-510697.126,mut_8e-10
-510706.385,mut_8e-10
-510707.352,mut_8e-10
-510709.762,mut_8e-10
-510716.66,mut_8e-10
-510719.014,mut_8e-10
-510719.538,mut_8e-10
-510720.791,mut_8e-10
-510726.934,mut_8e-10
-510737.102,mut_8e-10
-510747.782,mut_8e-10
-510766.309,mut_8e-10
-510769.494,mut_8e-10
-510772.703,mut_8e-10
-510787.172,mut_8e-10
-510789.765,mut_8e-10
-510792.089,mut_8e-10
-510805.697,mut_8e-10
-510808.66,mut_8e-10
-510836.114,mut_8e-10
-510846.889,mut_8e-10
-510848.34,mut_8e-10
-510853.907,mut_8e-10
-510862.973,mut_8e-10
-510873.648,mut_8e-10
-510878.871,mut_8e-10
-510887.408,mut_8e-10
-510891.343,mut_8e-10
-510911.158,mut_8e-10
-510926.91,mut_8e-10
-510946.828,mut_8e-10
-510950.34,mut_8e-10
-510965.245,mut_8e-10
-510967.203,mut_8e-10
-510970.66,mut_8e-10
-510978.639,mut_8e-10
-510980.239,mut_8e-10
-510998.375,mut_8e-10
-511053.544,mut_8e-10
-511062.154,mut_8e-10
-511074.907,mut_8e-10
-510666.9,mut_1e-11_INB70
-510708.2,mut_1e-11_INB70
-510717.7,mut_1e-11_INB70
-510718.9,mut_1e-11_INB70
-510719.0,mut_1e-11_INB70
-510720.5,mut_1e-11_INB70
-510728.0,mut_1e-11_INB70
-510731.5,mut_1e-11_INB70
-510735.6,mut_1e-11_INB70
-510739.4,mut_1e-11_INB70
-510747.8,mut_1e-11_INB70
-510749.2,mut_1e-11_INB70
-510768.9,mut_1e-11_INB70
-510785.6,mut_1e-11_INB70
-510785.9,mut_1e-11_INB70
-510792.1,mut_1e-11_INB70
-510796.6,mut_1e-11_INB70
-510805.7,mut_1e-11_INB70
-510808.5,mut_1e-11_INB70
-510957.9,mut_1e-11_INB70
-511016.7,mut_1e-11_INB70
-511088.8,mut_1e-11_INB70
-511108.3,mut_1e-11_INB70
-511114.8,mut_1e-11_INB70
-511121.4,mut_1e-11_INB70
-511147.4,mut_1e-11_INB70
-511160.5,mut_1e-11_INB70
-511198.6,mut_1e-11_INB70
-511214.6,mut_1e-11_INB70
-511231.1,mut_1e-11_INB70
-511274.6,mut_1e-11_INB70
-511313.0,mut_1e-11_INB70
-511336.0,mut_1e-11_INB70
-511362.5,mut_1e-11_INB70
-511488.9,mut_1e-11_INB70
-511534.6,mut_1e-11_INB70
-511537.5,mut_1e-11_INB70
-511564.4,mut_1e-11_INB70
-511567.5,mut_1e-11_INB70
-511580.7,mut_1e-11_INB70
-511642.2,mut_1e-11_INB70
-511645.3,mut_1e-11_INB70
-511659.1,mut_1e-11_INB70
-511676.2,mut_1e-11_INB70
-511786.6,mut_1e-11_INB70
-511813.0,mut_1e-11_INB70
-511907.6,mut_1e-11_INB70
-511916.1,mut_1e-11_INB70
-511950.6,mut_1e-11_INB70
-511991.3,mut_1e-11_INB70
-510645.9,mut_2e-10_INB70
-510661.5,mut_2e-10_INB70
-510662.2,mut_2e-10_INB70
-510662.9,mut_2e-10_INB70
-510664.7,mut_2e-10_INB70
-510666.0,mut_2e-10_INB70
-510682.3,mut_2e-10_INB70
-510689.4,mut_2e-10_INB70
-510706.1,mut_2e-10_INB70
-510708.2,mut_2e-10_INB70
-510714.8,mut_2e-10_INB70
-510717.1,mut_2e-10_INB70
-510718.0,mut_2e-10_INB70
-510726.6,mut_2e-10_INB70
-510726.8,mut_2e-10_INB70
-510730.2,mut_2e-10_INB70
-510733.4,mut_2e-10_INB70
-510743.2,mut_2e-10_INB70
-510743.3,mut_2e-10_INB70
-510743.8,mut_2e-10_INB70
-510756.8,mut_2e-10_INB70
-510771.9,mut_2e-10_INB70
-510776.1,mut_2e-10_INB70
-510864.7,mut_2e-10_INB70
-510866.6,mut_2e-10_INB70
-510870.0,mut_2e-10_INB70
-510873.0,mut_2e-10_INB70
-510896.7,mut_2e-10_INB70
-510909.9,mut_2e-10_INB70
-510912.1,mut_2e-10_INB70
-510931.8,mut_2e-10_INB70
-510939.1,mut_2e-10_INB70
-510956.7,mut_2e-10_INB70
-510961.1,mut_2e-10_INB70
-511036.0,mut_2e-10_INB70
-511053.2,mut_2e-10_INB70
-511059.2,mut_2e-10_INB70
-511077.6,mut_2e-10_INB70
-511087.0,mut_2e-10_INB70
-511107.7,mut_2e-10_INB70
-511108.6,mut_2e-10_INB70
-511109.1,mut_2e-10_INB70
-511111.4,mut_2e-10_INB70
-511113.9,mut_2e-10_INB70
-511113.9,mut_2e-10_INB70
-511123.3,mut_2e-10_INB70
-511129.2,mut_2e-10_INB70
-511148.3,mut_2e-10_INB70
-511156.9,mut_2e-10_INB70
-511159.9,mut_2e-10_INB70
-510607.455,mut_4e-10_INB70
-510613.46,mut_4e-10_INB70
-510642.924,mut_4e-10_INB70
-510643.192,mut_4e-10_INB70
-510655.017,mut_4e-10_INB70
-510671.299,mut_4e-10_INB70
-510690.057,mut_4e-10_INB70
-510702.754,mut_4e-10_INB70
-510706.747,mut_4e-10_INB70
-510710.574,mut_4e-10_INB70
-510721.717,mut_4e-10_INB70
-510723.58,mut_4e-10_INB70
-510727.405,mut_4e-10_INB70
-510741.822,mut_4e-10_INB70
-510753.664,mut_4e-10_INB70
-510756.963,mut_4e-10_INB70
-510816.698,mut_4e-10_INB70
-510816.798,mut_4e-10_INB70
-510822.676,mut_4e-10_INB70
-510824.433,mut_4e-10_INB70
-510824.589,mut_4e-10_INB70
-510842.054,mut_4e-10_INB70
-510843.365,mut_4e-10_INB70
-510845.496,mut_4e-10_INB70
-510900.072,mut_4e-10_INB70
-510912.415,mut_4e-10_INB70
-510930.129,mut_4e-10_INB70
-510957.997,mut_4e-10_INB70
-510967.561,mut_4e-10_INB70
-510969.382,mut_4e-10_INB70
-510971.504,mut_4e-10_INB70
-510989.337,mut_4e-10_INB70
-510992.183,mut_4e-10_INB70
-511005.904,mut_4e-10_INB70
-511022.675,mut_4e-10_INB70
-511029.537,mut_4e-10_INB70
-511038.499,mut_4e-10_INB70
-511041.796,mut_4e-10_INB70
-511042.227,mut_4e-10_INB70
-511061.428,mut_4e-10_INB70
-511062.532,mut_4e-10_INB70
-511066.537,mut_4e-10_INB70
-511070.999,mut_4e-10_INB70
-511081.359,mut_4e-10_INB70
-511083.192,mut_4e-10_INB70
-511105.914,mut_4e-10_INB70
-511128.732,mut_4e-10_INB70
-511146.603,mut_4e-10_INB70
-511181.158,mut_4e-10_INB70
-511192.081,mut_4e-10_INB70
-510632.13,mut_6e-10_INB70
-510649.29,mut_6e-10_INB70
-510650.536,mut_6e-10_INB70
-510667.117,mut_6e-10_INB70
-510669.454,mut_6e-10_INB70
-510670.491,mut_6e-10_INB70
-510673.731,mut_6e-10_INB70
-510674.548,mut_6e-10_INB70
-510681.13,mut_6e-10_INB70
-510687.023,mut_6e-10_INB70
-510689.315,mut_6e-10_INB70
-510698.365,mut_6e-10_INB70
-510703.93,mut_6e-10_INB70
-510705.597,mut_6e-10_INB70
-510719.401,mut_6e-10_INB70
-510722.618,mut_6e-10_INB70
-510722.79,mut_6e-10_INB70
-510726.411,mut_6e-10_INB70
-510761.195,mut_6e-10_INB70
-510779.849,mut_6e-10_INB70
-510809.356,mut_6e-10_INB70
-510821.52,mut_6e-10_INB70
-510830.912,mut_6e-10_INB70
-510836.234,mut_6e-10_INB70
-510916.018,mut_6e-10_INB70
-510926.314,mut_6e-10_INB70
-510926.875,mut_6e-10_INB70
-510931.338,mut_6e-10_INB70
-510942.29,mut_6e-10_INB70
-510952.213,mut_6e-10_INB70
-510974.653,mut_6e-10_INB70
-510977.02,mut_6e-10_INB70
-510994.615,mut_6e-10_INB70
-510999.007,mut_6e-10_INB70
-511004.748,mut_6e-10_INB70
-511008.698,mut_6e-10_INB70
-511029.394,mut_6e-10_INB70
-511038.224,mut_6e-10_INB70
-511057.927,mut_6e-10_INB70
-511061.661,mut_6e-10_INB70
-511066.925,mut_6e-10_INB70
-511079.09,mut_6e-10_INB70
-511086.207,mut_6e-10_INB70
-511122.081,mut_6e-10_INB70
-511126.077,mut_6e-10_INB70
-511129.242,mut_6e-10_INB70
-511129.44,mut_6e-10_INB70
-511131.845,mut_6e-10_INB70
-511133.22,mut_6e-10_INB70
-511143.077,mut_6e-10_INB70
-510551.166,mut_8e-10_INB70
-510606.201,mut_8e-10_INB70
-510607.173,mut_8e-10_INB70
-510643.311,mut_8e-10_INB70
-510646.477,mut_8e-10_INB70
-510670.467,mut_8e-10_INB70
-510676.089,mut_8e-10_INB70
-510684.669,mut_8e-10_INB70
-510690.569,mut_8e-10_INB70
-510692.55,mut_8e-10_INB70
-510698.102,mut_8e-10_INB70
-510700.603,mut_8e-10_INB70
-510704.177,mut_8e-10_INB70
-510705.132,mut_8e-10_INB70
-510705.77,mut_8e-10_INB70
-510712.776,mut_8e-10_INB70
-510713.566,mut_8e-10_INB70
-510717.024,mut_8e-10_INB70
-510719.667,mut_8e-10_INB70
-510727.406,mut_8e-10_INB70
-510729.056,mut_8e-10_INB70
-510729.379,mut_8e-10_INB70
-510731.709,mut_8e-10_INB70
-510734.829,mut_8e-10_INB70
-510738.519,mut_8e-10_INB70
-510748.778,mut_8e-10_INB70
-510756.155,mut_8e-10_INB70
-510756.384,mut_8e-10_INB70
-510757.076,mut_8e-10_INB70
-510759.478,mut_8e-10_INB70
-510765.781,mut_8e-10_INB70
-510767.604,mut_8e-10_INB70
-510776.557,mut_8e-10_INB70
-510782.835,mut_8e-10_INB70
-510790.075,mut_8e-10_INB70
-510827.213,mut_8e-10_INB70
-510830.726,mut_8e-10_INB70
-510831.699,mut_8e-10_INB70
-510834.425,mut_8e-10_INB70
-510841.864,mut_8e-10_INB70
-510851.653,mut_8e-10_INB70
-510861.305,mut_8e-10_INB70
-510891.87,mut_8e-10_INB70
-510893.396,mut_8e-10_INB70
-510894.246,mut_8e-10_INB70
-510899.468,mut_8e-10_INB70
-510903.158,mut_8e-10_INB70
-510910.287,mut_8e-10_INB70
-510911.626,mut_8e-10_INB70
-510916.612,mut_8e-10_INB70